Points,Title,Flair,Post Type,Post Links
25,He didn't have this emote so he took out the building.,HUMOR,(i.redd.it),https://old.reddit.com/r/FortNiteBR/comments/kcvkha/he_didnt_have_this_emote_so_he_took_out_the/
24,You donâ€™t want to run into him down there,ARTISTIC,(i.redd.it),https://old.reddit.com/r/FortNiteBR/comments/kcevmh/you_dont_want_to_run_into_him_down_there/
23,*Visible anger*,HUMOR,(i.redd.it),https://old.reddit.com/r/FortNiteBR/comments/kbvo3t/visible_anger/
22,Only in Fortnite do we all get to witness this.,EPIC REPLY,(i.redd.it),https://old.reddit.com/r/FortNiteBR/comments/kberjk/only_in_fortnite_do_we_all_get_to_witness_this/
21,I learned this trick on this subreddit.,CLIP ðŸŽ¬,(v.redd.it),https://old.reddit.com/r/FortNiteBR/comments/k9i3j7/i_learned_this_trick_on_this_subreddit/
20,Singing Loud for All to Hear Spreading Christmas Joy to Sweats Far and Near!,STREAMER,(v.redd.it),https://old.reddit.com/r/FortNiteBR/comments/ka59wf/singing_loud_for_all_to_hear_spreading_christmas/
19,After buying the skin I had to make sure this was the first thing I did in-game.,HUMOR,(v.redd.it),https://old.reddit.com/r/FortNiteBR/comments/kaux47/after_buying_the_skin_i_had_to_make_sure_this_was/
18,This is glorious,CLIP ðŸŽ¬,(v.redd.it),https://old.reddit.com/r/FortNiteBR/comments/kb1br9/this_is_glorious/
17,When Jonesy isn't added to Smash,HUMOR,(i.redd.it),https://old.reddit.com/r/FortNiteBR/comments/kar8m9/when_jonesy_isnt_added_to_smash/
16,The Walking Dead is coming to Fortnite!,DISCUSSION,(i.redd.it),https://old.reddit.com/r/FortNiteBR/comments/katm0n/the_walking_dead_is_coming_to_fortnite/
15,You... how did... you were not supposed to do that,HUMOR,(v.redd.it),https://old.reddit.com/r/FortNiteBR/comments/kb9s9p/you_how_did_you_were_not_supposed_to_do_that/
14,Just about 6 months apart damn.,DISCUSSION,(i.redd.it),https://old.reddit.com/r/FortNiteBR/comments/kcsz0b/just_about_6_months_apart_damn/
13,No worry guys i got the zero point contained.,SCREENSHOT,(i.redd.it),https://old.reddit.com/r/FortNiteBR/comments/kaczx6/no_worry_guys_i_got_the_zero_point_contained/
12,Just noticed on the mave skin her tattoo lights up diffrently to what animal she is.,SCREENSHOT,(i.redd.it),https://old.reddit.com/r/FortNiteBR/comments/k9pzp7/just_noticed_on_the_mave_skin_her_tattoo_lights/
11,Gave this Fortnite kid the true Halo experience,CLIP ðŸŽ¬,(v.redd.it),https://old.reddit.com/r/FortNiteBR/comments/kbd5lw/gave_this_fortnite_kid_the_true_halo_experience/
10,The VisitÐ¾r explains why he tried to break the LÐ¾op:,HUMOR,(i.redd.it),https://old.reddit.com/r/FortNiteBR/comments/k9vd53/the_visitÐ¾r_explains_why_he_tried_to_break_the/
9,Ran into a random squad while playing trios and we all decided to join in on the Holiday Spirit! I was blown away and almost the entire rest of the lobby joined in too! Def not happening again lmao...,CLIP ðŸŽ¬,(v.redd.it),https://old.reddit.com/r/FortNiteBR/comments/kbmzlq/ran_into_a_random_squad_while_playing_trios_and/
8,Cmon Epic you know you wanna add him...,SUGGESTION,(i.redd.it),https://old.reddit.com/r/FortNiteBR/comments/kbqxdd/cmon_epic_you_know_you_wanna_add_him/
7,[Skin Concept] Kuma,SUGGESTION,(reddit.com),https://old.reddit.com/r/FortNiteBR/comments/kbpm7u/skin_concept_kuma/
6,Oil floats on Slurp Juice,HUMOR,(i.redd.it),https://old.reddit.com/r/FortNiteBR/comments/kd1cny/oil_floats_on_slurp_juice/
5,So this happenedâ€”,HUMOR,(v.redd.it),https://old.reddit.com/r/FortNiteBR/comments/kb4mvh/so_this_happened/
4,A Tempting Offer (OC),ARTISTIC,(i.redd.it),https://old.reddit.com/r/FortNiteBR/comments/k9k1md/a_tempting_offer_oc/
3,After TWO YEARS I finally finished my ice king challenges,HUMOR,(i.redd.it),https://old.reddit.com/r/FortNiteBR/comments/k9t03h/after_two_years_i_finally_finished_my_ice_king/
2,since the mandalorian npc uses the sniper as a pickaxe why don't we get it as one?,SCREENSHOT,(i.redd.it),https://old.reddit.com/r/FortNiteBR/comments/kcqkp7/since_the_mandalorian_npc_uses_the_sniper_as_a/
1,Here's probably the best reason Cables Cape should work on other skins.,SUGGESTION,(i.redd.it),https://old.reddit.com/r/FortNiteBR/comments/kbyhxs/heres_probably_the_best_reason_cables_cape_should/
